{
  "n_train": 530,
  "n_test": 94,
  "test_pos_rate": 0.5957446808510638,
  "auc_roc": 0.9323308270676691,
  "pr_auc": 0.9510165158527183,
  "brier": 0.11016003787517548,
  "log_loss": 0.3429081953665415
}