variant,auc,pr_auc,brier,logloss,accuracy,ece
Before (uncalibrated),0.9323308270676691,0.9510165158527183,0.11016004276606799,0.3429081953665415,0.8297872340425532,0.11581714962054282
After (isotonic),0.9269266917293233,0.9482315673474211,0.11025574715068566,0.3446184318894903,0.8191489361702128,0.049761739230536416
After (sigmoid),0.9271616541353384,0.9470930819090556,0.11260578761164575,0.36788005917835276,0.8191489361702128,0.10423008866132571
