family,auc_full,auc_ablated,delta_auc,pr_auc_full,pr_auc_ablated,delta_pr_auc,brier_full,brier_ablated,delta_brier,logloss_full,logloss_ablated,delta_logloss
Travel & home,0.9323308270676691,0.7673872180451129,0.16494360902255623,0.9510165158527183,0.8324491959329688,0.11856731991974945,0.11016004276606799,0.19698015598241428,0.08682011321634629,0.3429081953665415,0.5790231510630359,0.23611495569649443
Style features,0.9323308270676691,0.9125939849624061,0.019736842105263053,0.9510165158527183,0.9348520373356434,0.01616447851707492,0.11016004276606799,0.11759501903023231,0.007434976264164325,0.3429081953665415,0.3780942675873686,0.03518607222082709
Physical advantage,0.9323308270676691,0.9168233082706767,0.015507518796992414,0.9510165158527183,0.9416252395973758,0.009391276255342529,0.11016004276606799,0.12039491969818805,0.010234876932120066,0.3429081953665415,0.36807954845981306,0.025171353093271565
MMA-math & shared opponents,0.9323308270676691,0.9262218045112782,0.006109022556390897,0.9510165158527183,0.9474089833006248,0.003607532552093451,0.11016004276606799,0.11141657752981732,0.0012565347637493313,0.3429081953665415,0.3479602737781174,0.0050520784115759
Expert priors,0.9323308270676691,0.9281015037593985,0.004229323308270638,0.9510165158527183,0.943643005328349,0.007373510524369298,0.11016004276606799,0.1060186248455472,-0.004141417920520793,0.3429081953665415,0.35042106777236076,0.007512872405819271
Head-to-head,0.9323308270676691,0.9323308270676691,0.0,0.9510165158527183,0.9510165158527183,0.0,0.11016004276606799,0.11016004276606799,0.0,0.3429081953665415,0.3429081953665415,0.0
Profile flags,0.9323308270676691,0.9323308270676691,0.0,0.9510165158527183,0.9510165158527183,0.0,0.11016004276606799,0.11016004276606799,0.0,0.3429081953665415,0.3429081953665415,0.0
Streak / momentum,0.9323308270676691,0.9342105263157895,-0.00187969924812037,0.9510165158527183,0.9552301570818656,-0.004213641229147358,0.11016004276606799,0.10491160182797085,-0.005248440938097135,0.3429081953665415,0.33523042849477996,-0.007677766871761527
